{
  "project_info": {
    "project_number": "429873422938",
    "project_id": "phy-ment-fitness-app",
    "storage_bucket": "phy-ment-fitness-app.appspot.com"
  },
  "client": [
    {
      "client_info": {
        "mobilesdk_app_id": "1:429873422938:android:9bb02fc52c141652dcee63",
        "android_client_info": {
          "package_name": "com.example.phy_mentfitnessapp"
        }
      },
      "oauth_client": [
        {
          "client_id": "429873422938-fcoeo0renf82bifpts3gji1eag41cog3.apps.googleusercontent.com",
          "client_type": 3
        }
      ],
      "api_key": [
        {
          "current_key": "AIzaSyAHyyWQ_HUgXSFMphEunGL7_hnhbRODfto"
        }
      ],
      "services": {
        "appinvite_service": {
          "other_platform_oauth_client": [
            {
              "client_id": "429873422938-fcoeo0renf82bifpts3gji1eag41cog3.apps.googleusercontent.com",
              "client_type": 3
            }
          ]
        }
      }
    }
  ],
  "configuration_version": "1"
}